{
    "autorig_actor": {
        "Version": "1.10.1822.1",
        "Scene": {
            "Name": true,
            "SupportShaderSelect": true
        },
        "Export Directory": "C:/RLConverterServices/RLConverter/TempData/Convert/3f723a6738688975/ATC8qkk9se86g9prbdc9a",
        "Object": {
            "autorig_actor": {
                "Generation": "AccuRig",
                "Physics": {},
                "Meshes": {
                    "Cube_002": {
                        "Materials": {
                            "Material_002_Pbr": {
                                "Material Type": "Pbr",
                                "MultiUV Index": 0,
                                "Two Side": true,
                                "Diffuse Color": [
                                    29.82785987854004,
                                    107.93180847167969,
                                    13.479555130004883
                                ],
                                "Ambient Color": [
                                    12.973380088806153,
                                    12.973380088806153,
                                    12.973380088806153
                                ],
                                "Specular Color": [
                                    29.82785987854004,
                                    107.93180847167969,
                                    13.479555130004883
                                ],
                                "Opacity": 1.0,
                                "Self Illumination": 0.0,
                                "Textures": {}
                            },
                            "BODY_Pbr": {
                                "Material Type": "Pbr",
                                "MultiUV Index": 0,
                                "Two Side": true,
                                "Diffuse Color": [
                                    255.0,
                                    255.0,
                                    255.0
                                ],
                                "Ambient Color": [
                                    255.0,
                                    255.0,
                                    255.0
                                ],
                                "Specular Color": [
                                    255.0,
                                    255.0,
                                    255.0
                                ],
                                "Opacity": 1.0,
                                "Self Illumination": 0.0,
                                "Textures": {
                                    "Base Color": {
                                        "Texture Path": "./autorig_actor.fbm/BODY_Pbr_Diffuse.png",
                                        "Strength": 100.0,
                                        "Offset": [
                                            0.0,
                                            0.0
                                        ],
                                        "Tiling": [
                                            1.0,
                                            1.0
                                        ]
                                    },
                                    "Opacity": {
                                        "Texture Path": "./autorig_actor.fbm/BODY_Pbr_Diffuse.png",
                                        "Strength": 100.0,
                                        "Offset": [
                                            0.0,
                                            0.0
                                        ],
                                        "Tiling": [
                                            1.0,
                                            1.0
                                        ]
                                    }
                                }
                            },
                            "nose_Pbr": {
                                "Material Type": "Pbr",
                                "MultiUV Index": 0,
                                "Two Side": true,
                                "Diffuse Color": [
                                    93.41032409667969,
                                    25.472970962524415,
                                    7.248120307922363
                                ],
                                "Ambient Color": [
                                    12.973380088806153,
                                    12.973380088806153,
                                    12.973380088806153
                                ],
                                "Specular Color": [
                                    93.41032409667969,
                                    25.472970962524415,
                                    7.248120307922363
                                ],
                                "Opacity": 1.0,
                                "Self Illumination": 0.0,
                                "Textures": {}
                            },
                            "Material_005_Pbr": {
                                "Material Type": "Pbr",
                                "MultiUV Index": 0,
                                "Two Side": true,
                                "Diffuse Color": [
                                    255.0,
                                    255.0,
                                    255.0
                                ],
                                "Ambient Color": [
                                    255.0,
                                    255.0,
                                    255.0
                                ],
                                "Specular Color": [
                                    255.0,
                                    255.0,
                                    255.0
                                ],
                                "Opacity": 1.0,
                                "Self Illumination": 0.0,
                                "Textures": {
                                    "Base Color": {
                                        "Texture Path": "./autorig_actor.fbm/Material_005_Pbr_Diffuse.png",
                                        "Strength": 100.0,
                                        "Offset": [
                                            0.0,
                                            0.0
                                        ],
                                        "Tiling": [
                                            1.0,
                                            1.0
                                        ]
                                    },
                                    "Opacity": {
                                        "Texture Path": "./autorig_actor.fbm/Material_005_Pbr_Diffuse.png",
                                        "Strength": 100.0,
                                        "Offset": [
                                            0.0,
                                            0.0
                                        ],
                                        "Tiling": [
                                            1.0,
                                            1.0
                                        ]
                                    }
                                }
                            },
                            "Material_003_Pbr": {
                                "Material Type": "Pbr",
                                "MultiUV Index": 0,
                                "Two Side": true,
                                "Diffuse Color": [
                                    36.7534065246582,
                                    16.525020599365236,
                                    6.691709995269775
                                ],